No,Name,Type,Abilities,HP,Att,Def,S.Att,S.Def,Spd
0010,Caterpie,bug,"Shield Dust, Run Away",45,30,35,20,20,45
0011,Metapod,bug,"Shed Skin, Shed Skin",50,20,55,25,25,30
0012,Butterfree,"bug, flying","Compoundeyes, Tinted Lens",60,45,50,80,80,70
0013,Weedle,"bug, poison","Shield Dust, Run Away",40,35,30,20,20,50
0014,Kakuna,"bug, poison","Shed Skin, Shed Skin",45,25,50,25,25,35
0015,Beedrill,"bug, poison","Swarm, Sniper",65,80,40,45,80,75
0046,Paras,"bug, grass","Effect Spore, Dry Skin, Damp",35,70,55,45,55,25
0047,Parasect,"bug, grass","Effect Spore, Dry Skin, Damp",60,95,80,60,80,30
0048,Venonat,"bug, poison","Compoundeyes, Tinted Lens, Run Away",60,55,50,40,55,45
0049,Venomoth,"bug, poison","Shield Dust, Tinted Lens, Wonder Skin",70,65,60,90,75,90
0123,Scyther,"bug, flying","Swarm, Technician, Steadfast",70,110,80,55,80,105
0127,Pinsir,bug,"Hyper Cutter, Mold Breaker, Moxie",65,125,100,55,70,85
0165,Ledyba,"bug, flying","Swarm, Early Bird, Rattled",40,20,30,40,80,55
0166,Ledian,"bug, flying","Swarm, Early Bird, Iron Fist",55,35,50,55,110,85
0167,Spinarak,"bug, poison","Swarm, Insomnia, Sniper",40,60,40,40,40,30
0168,Ariados,"bug, poison","Swarm, Insomnia, Sniper",70,90,70,60,60,40
0193,Yanma,"bug, flying","Speed Boost, Compoundeyes",65,65,45,75,45,95
0204,Pineco,bug,"Sturdy, Overcoat",50,65,90,35,35,15
0205,Forretress,"bug, steel","Sturdy, Overcoat",75,90,140,60,60,40
0212,Scizor,"bug, steel","Swarm, Technician, Light Metal",70,130,100,55,80,65
0213,Shuckle,"bug, rock","Sturdy, Gluttony, Contrary",20,10,230,10,230,5
0214,Heracross,"bug, fighting","Swarm, Guts, Moxie",80,125,75,40,95,85
0265,Wurmple,bug,"Shield Dust, Run Away",45,45,35,20,30,20
0266,Silcoon,bug,"Shed Skin, Shed Skin",50,35,55,25,25,15
0267,Beautifly,"bug, flying","Swarm, Rivalry",60,70,50,90,50,65
0268,Cascoon,bug,"Shed Skin, Shed Skin",50,35,55,25,25,15
0269,Dustox,"bug, poison","Shield Dust, Compoundeyes",60,50,70,50,90,65
0283,Surskit,"bug, water","Swift Swim, Rain Dish",40,30,32,50,52,65
0284,Masquerain,"bug, flying","Intimidate, Unnerve",70,60,62,80,82,60
0290,Nincada,"bug, ground","Compoundeyes, Run Away",31,45,90,30,30,40
0291,Ninjask,"bug, flying",Speed Boost,61,90,45,50,50,160
0292,Shedinja,"bug, ghost","Wonder Guard, Wonder Guard",1,90,45,30,30,40
0313,Volbeat,bug,"Illuminate, Swarm, Prankster",65,73,55,47,75,85
0314,Illumise,bug,"Oblivious, Tinted Lens, Prankster",65,47,55,73,75,85
0347,Anorith,"rock, bug","Battle Armor, Swift Swim",45,95,50,40,50,75
0348,Armaldo,"rock, bug","Battle Armor, Swift Swim",75,125,100,70,80,45
0401,Kricketot,bug,"Shed Skin, Run Away",37,25,41,25,41,25
0402,Kricketune,bug,"Swarm, Technician",77,85,51,55,51,65
0412,Burmy,bug,"Shed Skin, Overcoat",40,29,45,29,45,36
0413,Wormadam,"bug, grass","Anticipation, Overcoat",60,59,85,79,105,36
0413,Wormadam,"bug, ground",Anticipation,60,79,105,59,85,36
0413,Wormadam,"bug, steel",Anticipation,60,69,95,69,95,36
0414,Mothim,"bug, flying","Swarm, Tinted Lens",70,94,50,94,50,66
0415,Combee,"bug, flying","Honey Gather, Hustle",30,30,42,30,42,70
0416,Vespiquen,"bug, flying","Pressure, Unnerve",70,80,102,80,102,40
0451,Skorupi,"poison, bug","Battle Armor, Sniper, Keen Eye",40,50,90,30,55,65
0469,Yanmega,"bug, flying","Speed Boost, Tinted Lens",86,76,86,116,56,95
0493,Arceus,bug,Multitype,120,120,120,120,120,120
0540,Sewaddle,"bug, grass","Swarm, Chlorophyll, Overcoat",45,53,70,40,60,42
0541,Swadloon,"bug, grass","Leaf Guard, Chlorophyll, Overcoat",55,63,90,50,80,42
0542,Leavanny,"bug, grass","Swarm, Chlorophyll, Overcoat",75,103,80,70,70,92
0543,Venipede,"bug, poison","Poison Point, Swarm, Quick Feet",30,45,59,30,39,57
0544,Whirlipede,"bug, poison","Poison Point, Swarm, Quick Feet",40,55,99,40,79,47
0545,Scolipede,"bug, poison","Poison Point, Swarm, Quick Feet",60,90,89,55,69,112
0557,Dwebble,"bug, rock","Sturdy, Shell Armor, Weak Armor",50,65,85,35,35,55
0558,Crustle,"bug, rock","Sturdy, Shell Armor, Weak Armor",70,95,125,65,75,45
0588,Karrablast,bug,"Swarm, Shed Skin, No Guard",50,75,45,40,45,60
0589,Escavalier,"bug, steel","Swarm, Shell Armor, Overcoat",70,135,105,60,105,20
0595,Joltik,"bug, electric","Compoundeyes, Unnerve, Swarm",50,47,50,57,50,65
0596,Galvantula,"bug, electric","Compoundeyes, Unnerve, Swarm",70,77,60,97,60,108
0616,Shelmet,bug,"Hydration, Shell Armor, Overcoat",50,40,85,40,65,25
0617,Accelgor,bug,"Hydration, Sticky Hold, Unburden",80,70,40,100,60,145
0632,Durant,"bug, steel","Swarm, Hustle, Truant",58,109,112,48,48,109
0636,Larvesta,"bug, fire","Flame Body, Swarm",55,85,55,50,55,60
0637,Volcarona,"bug, fire","Flame Body, Swarm",85,60,65,135,105,100
0649,Genesect,"bug, steel",Download,71,120,95,120,95,99
0197,Umbreon,dark,"Synchronize, Inner Focus",95,65,110,60,130,65
0198,Murkrow,"dark, flying","Insomnia, Super Luck, Prankster",60,85,42,85,42,91
0215,Sneasel,"dark, ice","Inner Focus, Keen Eye, Pickpocket",55,95,55,35,75,115
0228,Houndour,"dark, fire","Early Bird, Flash Fire, Unnerve",45,60,30,80,50,65
0229,Houndoom,"dark, fire","Early Bird, Flash Fire, Unnerve",75,90,50,110,80,95
0248,Tyranitar,"rock, dark","Sand Stream, Unnerve",100,134,110,95,100,61
0261,Poochyena,dark,"Run Away, Quick Feet, Rattled",35,55,35,30,30,35
0262,Mightyena,dark,"Intimidate, Quick Feet, Moxie",70,90,70,60,60,70
0274,Nuzleaf,"grass, dark","Chlorophyll, Early Bird, Pickpocket",70,70,40,60,40,60
0275,Shiftry,"grass, dark","Chlorophyll, Early Bird, Pickpocket",90,100,60,90,60,80
0302,Sableye,"dark, ghost","Keen Eye, Stall, Prankster",50,75,75,65,65,50
0318,Carvanha,"water, dark","Rough Skin, Speed Boost",45,90,20,65,20,65
0319,Sharpedo,"water, dark","Rough Skin, Speed Boost",70,120,40,95,40,95
0332,Cacturne,"grass, dark",Sand Veil,70,115,60,115,60,55
0342,Crawdaunt,"water, dark","Hyper Cutter, Shell Armor, Adaptability",63,120,85,90,55,55
0359,Absol,dark,"Pressure, Super Luck, Justified",65,130,60,75,60,75
0430,Honchkrow,"dark, flying","Insomnia, Super Luck, Moxie",100,125,52,105,52,71
0434,Stunky,"poison, dark","Stench, Aftermath, Keen Eye",63,63,47,41,41,74
0435,Skuntank,"poison, dark","Stench, Aftermath, Keen Eye",103,93,67,71,61,84
0442,Spiritomb,"ghost, dark","Pressure, Infiltrator",50,92,108,92,108,35
0452,Drapion,"poison, dark","Battle Armor, Sniper, Keen Eye",70,90,110,60,75,95
0461,Weavile,"dark, ice","Pressure, Pickpocket",70,120,65,45,85,125
0491,Darkrai,dark,Bad Dreams,70,90,90,135,90,125
0493,Arceus,dark,Multitype,120,120,120,120,120,120
0509,Purrloin,dark,"Limber, Unburden, Prankster",41,50,37,50,37,66
0510,Liepard,dark,"Limber, Unburden, Prankster",64,88,50,88,50,106
0551,Sandile,"ground, dark","Intimidate, Moxie, Anger Point",50,72,35,35,35,65
0552,Krokorok,"ground, dark","Intimidate, Moxie, Anger Point",60,82,45,45,45,74
0553,Krookodile,"ground, dark","Intimidate, Moxie, Anger Point",95,117,70,65,70,92
0559,Scraggy,"dark, fighting","Shed Skin, Moxie, Intimidate",50,75,70,35,70,48
0560,Scrafty,"dark, fighting","Shed Skin, Moxie, Intimidate",65,90,115,45,115,58
0570,Zorua,dark,Illusion,40,65,40,80,40,65
0571,Zoroark,dark,Illusion,60,105,60,120,60,105
0624,Pawniard,"dark, steel","Defiant, Inner Focus, Pressure",45,85,70,40,40,60
0625,Bisharp,"dark, steel","Defiant, Inner Focus, Pressure",65,125,100,60,70,70
0629,Vullaby,"dark, flying","Big Pecks, Overcoat, Weak Armor",70,55,75,45,65,60
0630,Mandibuzz,"dark, flying","Big Pecks, Overcoat, Weak Armor",110,65,105,55,95,80
0633,Deino,"dark, dragon",Hustle,52,65,50,45,50,38
0634,Zweilous,"dark, dragon",Hustle,72,85,70,65,70,58
0635,Hydreigon,"dark, dragon",Levitate,92,105,90,125,90,98
0147,Dratini,dragon,"Shed Skin, Marvel Scale",41,64,45,50,50,50
0148,Dragonair,dragon,"Shed Skin, Marvel Scale",61,84,65,70,70,70
0149,Dragonite,"dragon, flying","Inner Focus, Multiscale",91,134,95,100,100,80
0230,Kingdra,"water, dragon","Swift Swim, Sniper, Damp",75,95,95,95,95,85
0329,Vibrava,"ground, dragon","Levitate, Levitate",50,70,50,50,50,70
0330,Flygon,"ground, dragon","Levitate, Levitate",80,100,80,80,80,100
0334,Altaria,"dragon, flying","Natural Cure, Cloud Nine",75,70,90,70,105,80
0371,Bagon,dragon,"Rock Head, Sheer Force",45,75,60,40,30,50
0372,Shelgon,dragon,"Rock Head, Overcoat",65,95,100,60,50,50
0373,Salamence,"dragon, flying","Intimidate, Moxie",95,135,80,110,80,100
0380,Latias,"dragon, psychic",Levitate,80,80,90,110,130,110
0381,Latios,"dragon, psychic",Levitate,80,90,80,130,110,110
0384,Rayquaza,"dragon, flying",Air Lock,105,150,90,150,90,95
0443,Gible,"dragon, ground","Sand Veil, Rough Skin",58,70,45,40,45,42
0444,Gabite,"dragon, ground","Sand Veil, Rough Skin",68,90,65,50,55,82
0445,Garchomp,"dragon, ground","Sand Veil, Rough Skin",108,130,95,80,85,102
0483,Dialga,"steel, dragon","Pressure, Telepathy",100,120,120,150,100,90
0484,Palkia,"water, dragon","Pressure, Telepathy",90,120,100,150,120,100
0487,Giratina,"ghost, dragon","Pressure, Telepathy",150,100,120,100,120,90
0487,Giratina,"ghost, dragon","Levitate, Levitate",150,120,100,120,100,90
0493,Arceus,dragon,Multitype,120,120,120,120,120,120
0610,Axew,dragon,"Rivalry, Mold Breaker, Unnerve",46,87,60,30,40,57
0611,Fraxure,dragon,"Rivalry, Mold Breaker, Unnerve",66,117,70,40,50,67
0612,Haxorus,dragon,"Rivalry, Mold Breaker, Unnerve",76,147,90,60,70,97
0621,Druddigon,dragon,"Rough Skin, Sheer Force, Mold Breaker",77,120,90,60,90,48
0633,Deino,"dark, dragon",Hustle,52,65,50,45,50,38
0634,Zweilous,"dark, dragon",Hustle,72,85,70,65,70,58
0635,Hydreigon,"dark, dragon",Levitate,92,105,90,125,90,98
0643,Reshiram,"dragon, fire",Turboblaze,100,120,100,150,120,90
0644,Zekrom,"dragon, electric",Teravolt,100,150,120,120,100,90
0646,Kyurem,"dragon, ice",Pressure,125,130,90,130,90,95
0646,Kyurem,"dragon, ice",Teravolt,125,170,100,120,90,95
0646,Kyurem,"dragon, ice",Turboblaze,125,120,90,170,100,95
0025,Pikachu,electric,"Static, Lightningrod",35,55,30,50,40,90
0026,Raichu,electric,"Static, Lightningrod",60,90,55,90,80,100
0081,Magnemite,"electric, steel","Magnet Pull, Sturdy, Analytic",25,35,70,95,55,45
0082,Magneton,"electric, steel","Magnet Pull, Sturdy, Analytic",50,60,95,120,70,70
0100,Voltorb,electric,"Soundproof, Static, Aftermath",40,30,50,55,55,100
0101,Electrode,electric,"Soundproof, Static, Aftermath",60,50,70,80,80,140
0125,Electabuzz,electric,"Static, Vital Spirit",65,83,57,95,85,105
0135,Jolteon,electric,"Volt Absorb, Quick Feet",65,65,60,110,95,130
0145,Zapdos,"electric, flying","Pressure, Lightningrod",90,90,85,125,90,100
0170,Chinchou,"water, electric","Volt Absorb, Illuminate, Water Absorb",75,38,38,56,56,67
0171,Lanturn,"water, electric","Volt Absorb, Illuminate, Water Absorb",125,58,58,76,76,67
0172,Pichu,electric,"Static, Lightningrod",20,40,15,35,35,60
0179,Mareep,electric,"Static, Plus",55,40,40,65,45,35
0180,Flaaffy,electric,"Static, Plus",70,55,55,80,60,45
0181,Ampharos,electric,"Static, Plus",90,75,75,115,90,55
0239,Elekid,electric,"Static, Vital Spirit",45,63,37,65,55,95
0243,Raikou,electric,"Pressure, Volt Absorb",90,85,75,115,100,115
0309,Electrike,electric,"Static, Lightningrod, Minus",40,45,40,65,40,65
0310,Manectric,electric,"Static, Lightningrod, Minus",70,75,60,105,60,105
0311,Plusle,electric,Plus,60,50,40,85,75,95
0312,Minun,electric,Minus,60,40,50,75,85,95
0403,Shinx,electric,"Rivalry, Intimidate, Guts",45,65,34,40,34,45
0404,Luxio,electric,"Rivalry, Intimidate, Guts",60,85,49,60,49,60
0405,Luxray,electric,"Rivalry, Intimidate, Guts",80,120,79,95,79,70
0417,Pachirisu,electric,"Run Away, Pickup, Volt Absorb",60,45,70,45,90,95
0462,Magnezone,"electric, steel","Magnet Pull, Sturdy, Analytic",70,70,115,130,90,60
0466,Electivire,electric,"Motor Drive, Vital Spirit",75,123,67,95,85,95
0479,Rotom,"electric, ghost",Levitate,50,50,77,95,77,91
0479,Rotom,"electric, flying",Levitate,50,65,107,105,107,86
0479,Rotom,"electric, ice",Levitate,50,65,107,105,107,86
0479,Rotom,"electric, fire",Levitate,50,65,107,105,107,86
0479,Rotom,"electric, grass",Levitate,50,65,107,105,107,86
0479,Rotom,"electric, water",Levitate,50,65,107,105,107,86
0493,Arceus,electric,Multitype,120,120,120,120,120,120
0522,Blitzle,electric,"Lightningrod, Motor Drive, Sap Sipper",45,60,32,50,32,76
0523,Zebstrika,electric,"Lightningrod, Motor Drive, Sap Sipper",75,100,63,80,63,116
0587,Emolga,"electric, flying","Static, Motor Drive",55,75,60,75,60,103
0595,Joltik,"bug, electric","Compoundeyes, Unnerve, Swarm",50,47,50,57,50,65
0596,Galvantula,"bug, electric","Compoundeyes, Unnerve, Swarm",70,77,60,97,60,108
0602,Tynamo,electric,Levitate,35,55,40,45,40,60
0603,Eelektrik,electric,Levitate,65,85,70,75,70,40
0604,Eelektross,electric,Levitate,85,115,80,105,80,50
0618,Stunfisk,"ground, electric","Static, Limber, Sand Veil",109,66,84,81,99,32
0642,Thundurus,"electric, flying","Prankster, Defiant",79,115,70,125,80,111
0642,Thundurus,"electric, flying","Volt Absorb, Volt Absorb",79,105,70,145,80,101
0644,Zekrom,"dragon, electric",Teravolt,100,150,120,120,100,90
0056,Mankey,fighting,"Vital Spirit, Anger Point, Defiant",40,80,35,35,45,70
0057,Primeape,fighting,"Vital Spirit, Anger Point, Defiant",65,105,60,60,70,95
0062,Poliwrath,"water, fighting","Water Absorb, Damp, Swift Swim",90,85,95,70,90,70
0066,Machop,fighting,"Guts, No Guard, Steadfast",70,80,50,35,35,35
0067,Machoke,fighting,"Guts, No Guard, Steadfast",80,100,70,50,60,45
0068,Machamp,fighting,"Guts, No Guard, Steadfast",90,130,80,65,85,55
0106,Hitmonlee,fighting,"Limber, Reckless, Unburden",50,120,53,35,110,87
0107,Hitmonchan,fighting,"Keen Eye, Iron Fist, Inner Focus",50,105,79,35,110,76
0214,Heracross,"bug, fighting","Swarm, Guts, Moxie",80,125,75,40,95,85
0236,Tyrogue,fighting,"Guts, Steadfast, Vital Spirit",35,35,35,35,35,35
0237,Hitmontop,fighting,"Intimidate, Technician, Steadfast",50,95,95,35,110,70
0256,Combusken,"fire, fighting","Blaze, Speed Boost",60,85,60,85,60,55
0257,Blaziken,"fire, fighting","Blaze, Speed Boost",80,120,70,110,70,80
0286,Breloom,"grass, fighting","Effect Spore, Poison Heal, Technician",60,130,80,60,60,70
0296,Makuhita,fighting,"Thick Fat, Guts, Sheer Force",72,60,30,20,30,25
0297,Hariyama,fighting,"Thick Fat, Guts, Sheer Force",144,120,60,40,60,50
0307,Meditite,"fighting, psychic","Pure Power, Telepathy",30,40,55,40,55,60
0308,Medicham,"fighting, psychic","Pure Power, Telepathy",60,60,75,60,75,80
0391,Monferno,"fire, fighting","Blaze, Iron Fist",64,78,52,78,52,81
0392,Infernape,"fire, fighting","Blaze, Iron Fist",76,104,71,104,71,108
0447,Riolu,fighting,"Steadfast, Inner Focus, Prankster",40,70,40,35,40,60
0448,Lucario,"fighting, steel","Steadfast, Inner Focus, Justified",70,110,70,115,70,90
0453,Croagunk,"poison, fighting","Anticipation, Dry Skin, Poison Touch",48,61,40,61,40,50
0454,Toxicroak,"poison, fighting","Anticipation, Dry Skin, Poison Touch",83,106,65,86,65,85
0475,Gallade,"psychic, fighting","Steadfast, Justified",68,125,65,65,115,80
0493,Arceus,fighting,Multitype,120,120,120,120,120,120
0499,Pignite,"fire, fighting","Blaze, Thick Fat",90,93,55,70,55,55
0500,Emboar,"fire, fighting","Blaze, Reckless",110,123,65,100,65,65
0532,Timburr,fighting,"Guts, Sheer Force, Iron Fist",75,80,55,25,35,35
0533,Gurdurr,fighting,"Guts, Sheer Force, Iron Fist",85,105,85,40,50,40
0534,Conkeldurr,fighting,"Guts, Sheer Force, Iron Fist",105,140,95,55,65,45
0538,Throh,fighting,"Guts, Inner Focus, Mold Breaker",120,100,85,30,85,45
0539,Sawk,fighting,"Sturdy, Inner Focus, Mold Breaker",75,125,75,30,75,85
0559,Scraggy,"dark, fighting","Shed Skin, Moxie, Intimidate",50,75,70,35,70,48
0560,Scrafty,"dark, fighting","Shed Skin, Moxie, Intimidate",65,90,115,45,115,58
0619,Mienfoo,fighting,"Inner Focus, Regenerator, Reckless",45,85,50,55,50,65
0620,Mienshao,fighting,"Inner Focus, Regenerator, Reckless",65,125,60,95,60,105
0638,Cobalion,"steel, fighting",Justified,91,90,129,90,72,108
0639,Terrakion,"rock, fighting",Justified,91,129,90,72,90,108
0640,Virizion,"grass, fighting",Justified,91,90,72,90,129,108
0647,Keldeo,"water, fighting",Justified,91,72,90,129,90,108
0647,Keldeo,"water, fighting",Justified,91,72,90,129,90,108
0648,Meloetta,"normal, fighting",Serene Grace,100,128,90,77,77,128
0004,Charmander,fire,"Blaze, Solar Power",39,52,43,60,50,65
0005,Charmeleon,fire,"Blaze, Solar Power",58,64,58,80,65,80
0006,Charizard,"fire, flying","Blaze, Solar Power",78,84,78,109,85,100
0037,Vulpix,fire,"Flash Fire, Drought",38,41,40,50,65,65
0038,Ninetales,fire,"Flash Fire, Drought",73,76,75,81,100,100
0058,Growlithe,fire,"Intimidate, Flash Fire, Justified",55,70,45,70,50,60
0059,Arcanine,fire,"Intimidate, Flash Fire, Justified",90,110,80,100,80,95
0077,Ponyta,fire,"Run Away, Flash Fire, Flame Body",50,85,55,65,65,90
0078,Rapidash,fire,"Run Away, Flash Fire, Flame Body",65,100,70,80,80,105
0126,Magmar,fire,"Flame Body, Vital Spirit",65,95,57,100,85,93
0136,Flareon,fire,"Flash Fire, Guts",65,130,60,95,110,65
0146,Moltres,"fire, flying","Pressure, Flame Body",90,100,90,125,85,90
0155,Cyndaquil,fire,"Blaze, Flash Fire",39,52,43,60,50,65
0156,Quilava,fire,"Blaze, Flash Fire",58,64,58,80,65,80
0157,Typhlosion,fire,"Blaze, Flash Fire",78,84,78,109,85,100
0218,Slugma,fire,"Magma Armor, Flame Body, Weak Armor",40,40,40,70,40,20
0219,Magcargo,"fire, rock","Magma Armor, Flame Body, Weak Armor",50,50,120,80,80,30
0228,Houndour,"dark, fire","Early Bird, Flash Fire, Unnerve",45,60,30,80,50,65
0229,Houndoom,"dark, fire","Early Bird, Flash Fire, Unnerve",75,90,50,110,80,95
0240,Magby,fire,"Flame Body, Vital Spirit",45,75,37,70,55,83
0244,Entei,fire,"Pressure, Flash Fire",115,115,85,90,75,100
0250,Ho-Oh,"fire, flying","Pressure, Regenerator",106,130,90,110,154,90
0255,Torchic,fire,"Blaze, Speed Boost",45,60,40,70,50,45
0256,Combusken,"fire, fighting","Blaze, Speed Boost",60,85,60,85,60,55
0257,Blaziken,"fire, fighting","Blaze, Speed Boost",80,120,70,110,70,80
0322,Numel,"fire, ground","Oblivious, Simple, Own Tempo",60,60,40,65,45,35
0323,Camerupt,"fire, ground","Magma Armor, Solid Rock, Anger Point",70,100,70,105,75,40
0324,Torkoal,fire,"White Smoke, Shell Armor",70,85,140,85,70,20
0390,Chimchar,fire,"Blaze, Iron Fist",44,58,44,58,44,61
0391,Monferno,"fire, fighting","Blaze, Iron Fist",64,78,52,78,52,81
0392,Infernape,"fire, fighting","Blaze, Iron Fist",76,104,71,104,71,108
0467,Magmortar,fire,"Flame Body, Vital Spirit",75,95,67,125,95,83
0479,Rotom,"electric, fire",Levitate,50,65,107,105,107,86
0485,Heatran,"fire, steel","Flash Fire, Flame Body",91,90,106,130,106,77
0493,Arceus,fire,Multitype,120,120,120,120,120,120
0494,Victini,"psychic, fire",Victory Star,100,100,100,100,100,100
0498,Tepig,fire,"Blaze, Thick Fat",65,63,45,45,45,45
0499,Pignite,"fire, fighting","Blaze, Thick Fat",90,93,55,70,55,55
0500,Emboar,"fire, fighting","Blaze, Reckless",110,123,65,100,65,65
0513,Pansear,fire,"Gluttony, Blaze",50,53,48,53,48,64
0514,Simisear,fire,"Gluttony, Blaze",75,98,63,98,63,101
0554,Darumaka,fire,"Hustle, Inner Focus",70,90,45,15,45,50
0555,Darmanitan,fire,"Sheer Force, Zen Mode",105,140,55,30,55,95
0555,Darmanitan,"fire, psychic",Zen Mode,105,30,105,140,105,55
0607,Litwick,"ghost, fire","Flash Fire, Flame Body, Shadow Tag",50,30,55,65,55,20
0608,Lampent,"ghost, fire","Flash Fire, Flame Body, Shadow Tag",60,40,60,95,60,55
0609,Chandelure,"ghost, fire","Flash Fire, Flame Body, Shadow Tag",60,55,90,145,90,80
0631,Heatmor,fire,"Gluttony, Flash Fire, White Smoke",85,97,66,105,66,65
0636,Larvesta,"bug, fire","Flame Body, Swarm",55,85,55,50,55,60
0637,Volcarona,"bug, fire","Flame Body, Swarm",85,60,65,135,105,100
0643,Reshiram,"dragon, fire",Turboblaze,100,120,100,150,120,90
0006,Charizard,"fire, flying","Blaze, Solar Power",78,84,78,109,85,100
0012,Butterfree,"bug, flying","Compoundeyes, Tinted Lens",60,45,50,80,80,70
0016,Pidgey,"normal, flying","Keen Eye, Tangled Feet, Big Pecks",40,45,40,35,35,56
0017,Pidgeotto,"normal, flying","Keen Eye, Tangled Feet, Big Pecks",63,60,55,50,50,71
0018,Pidgeot,"normal, flying","Keen Eye, Tangled Feet, Big Pecks",83,80,75,70,70,91
0021,Spearow,"normal, flying","Keen Eye, Sniper",40,60,30,31,31,70
0022,Fearow,"normal, flying","Keen Eye, Sniper",65,90,65,61,61,100
0041,Zubat,"poison, flying","Inner Focus, Infiltrator",40,45,35,30,40,55
0042,Golbat,"poison, flying","Inner Focus, Infiltrator",75,80,70,65,75,90
0083,Farfetch'd,"normal, flying","Keen Eye, Inner Focus, Defiant",52,65,55,58,62,60
0084,Doduo,"normal, flying","Run Away, Early Bird, Tangled Feet",35,85,45,35,35,75
0085,Dodrio,"normal, flying","Run Away, Early Bird, Tangled Feet",60,110,70,60,60,100
0123,Scyther,"bug, flying","Swarm, Technician, Steadfast",70,110,80,55,80,105
0130,Gyarados,"water, flying","Intimidate, Moxie",95,125,79,60,100,81
0142,Aerodactyl,"rock, flying","Rock Head, Pressure, Unnerve",80,105,65,60,75,130
0144,Articuno,"ice, flying","Pressure, Snow Cloak",90,85,100,95,125,85
0145,Zapdos,"electric, flying","Pressure, Lightningrod",90,90,85,125,90,100
0146,Moltres,"fire, flying","Pressure, Flame Body",90,100,90,125,85,90
0149,Dragonite,"dragon, flying","Inner Focus, Multiscale",91,134,95,100,100,80
0163,Hoothoot,"normal, flying","Insomnia, Keen Eye, Tinted Lens",60,30,30,36,56,50
0164,Noctowl,"normal, flying","Insomnia, Keen Eye, Tinted Lens",100,50,50,76,96,70
0165,Ledyba,"bug, flying","Swarm, Early Bird, Rattled",40,20,30,40,80,55
0166,Ledian,"bug, flying","Swarm, Early Bird, Iron Fist",55,35,50,55,110,85
0169,Crobat,"poison, flying","Inner Focus, Infiltrator",85,90,80,70,80,130
0176,Togetic,"normal, flying","Hustle, Serene Grace, Super Luck",55,40,85,80,105,40
0177,Natu,"psychic, flying","Synchronize, Early Bird, Magic Bounce",40,50,45,70,45,70
0178,Xatu,"psychic, flying","Synchronize, Early Bird, Magic Bounce",65,75,70,95,70,95
0187,Hoppip,"grass, flying","Chlorophyll, Leaf Guard, Infiltrator",35,35,40,35,55,50
0188,Skiploom,"grass, flying","Chlorophyll, Leaf Guard, Infiltrator",55,45,50,45,65,80
0189,Jumpluff,"grass, flying","Chlorophyll, Leaf Guard, Infiltrator",75,55,70,55,85,110
0193,Yanma,"bug, flying","Speed Boost, Compoundeyes",65,65,45,75,45,95
0198,Murkrow,"dark, flying","Insomnia, Super Luck, Prankster",60,85,42,85,42,91
0207,Gligar,"ground, flying","Hyper Cutter, Sand Veil, Immunity",65,75,105,35,65,85
0225,Delibird,"ice, flying","Vital Spirit, Hustle, Insomnia",45,55,45,65,45,75
0226,Mantine,"water, flying","Swift Swim, Water Absorb, Water Veil",65,40,70,80,140,70
0227,Skarmory,"steel, flying","Keen Eye, Sturdy, Weak Armor",65,80,140,40,70,70
0249,Lugia,"psychic, flying","Pressure, Multiscale",106,90,130,90,154,110
0250,Ho-Oh,"fire, flying","Pressure, Regenerator",106,130,90,110,154,90
0267,Beautifly,"bug, flying","Swarm, Rivalry",60,70,50,90,50,65
0276,Taillow,"normal, flying","Guts, Scrappy",40,55,30,30,30,85
0277,Swellow,"normal, flying","Guts, Scrappy",60,85,60,50,50,125
0278,Wingull,"water, flying","Keen Eye, Rain Dish",40,30,30,55,30,85
0279,Pelipper,"water, flying","Keen Eye, Rain Dish",60,50,100,85,70,65
0284,Masquerain,"bug, flying","Intimidate, Unnerve",70,60,62,80,82,60
0291,Ninjask,"bug, flying",Speed Boost,61,90,45,50,50,160
0333,Swablu,"normal, flying","Natural Cure, Cloud Nine",45,40,60,40,75,50
0334,Altaria,"dragon, flying","Natural Cure, Cloud Nine",75,70,90,70,105,80
0357,Tropius,"grass, flying","Chlorophyll, Solar Power, Harvest",99,68,83,72,87,51
0373,Salamence,"dragon, flying","Intimidate, Moxie",95,135,80,110,80,100
0384,Rayquaza,"dragon, flying",Air Lock,105,150,90,150,90,95
0396,Starly,"normal, flying","Keen Eye, Keen Eye",40,55,30,30,30,60
0397,Staravia,"normal, flying","Intimidate, Reckless",55,75,50,40,40,80
0398,Staraptor,"normal, flying","Intimidate, Reckless",85,120,70,50,50,100
0414,Mothim,"bug, flying","Swarm, Tinted Lens",70,94,50,94,50,66
0415,Combee,"bug, flying","Honey Gather, Hustle",30,30,42,30,42,70
0416,Vespiquen,"bug, flying","Pressure, Unnerve",70,80,102,80,102,40
0425,Drifloon,"ghost, flying","Aftermath, Unburden, Flare Boost",90,50,34,60,44,70
0426,Drifblim,"ghost, flying","Aftermath, Unburden, Flare Boost",150,80,44,90,54,80
0430,Honchkrow,"dark, flying","Insomnia, Super Luck, Moxie",100,125,52,105,52,71
0441,Chatot,"normal, flying","Keen Eye, Tangled Feet, Big Pecks",76,65,45,92,42,91
0458,Mantyke,"water, flying","Swift Swim, Water Absorb, Water Veil",45,20,50,60,120,50
0468,Togekiss,"normal, flying","Hustle, Serene Grace, Super Luck",85,50,95,120,115,80
0469,Yanmega,"bug, flying","Speed Boost, Tinted Lens",86,76,86,116,56,95
0472,Gliscor,"ground, flying","Hyper Cutter, Sand Veil, Poison Heal",75,95,125,45,75,95
0479,Rotom,"electric, flying",Levitate,50,65,107,105,107,86
0492,Shaymin,"grass, flying",Serene Grace,100,103,75,120,75,127
0493,Arceus,flying,Multitype,120,120,120,120,120,120
0519,Pidove,"normal, flying","Big Pecks, Super Luck, Rivalry",50,55,50,36,30,43
0520,Tranquill,"normal, flying","Big Pecks, Super Luck, Rivalry",62,77,62,50,42,65
0521,Unfezant,"normal, flying","Big Pecks, Super Luck, Rivalry",80,105,80,65,55,93
0527,Woobat,"psychic, flying","Unaware, Klutz, Simple",55,45,43,55,43,72
0528,Swoobat,"psychic, flying","Unaware, Klutz, Simple",67,57,55,77,55,114
0561,Sigilyph,"psychic, flying","Wonder Skin, Magic Guard, Tinted Lens",72,58,80,103,80,97
0566,Archen,"rock, flying",Defeatist,55,112,45,74,45,70
0567,Archeops,"rock, flying",Defeatist,75,140,65,112,65,110
0580,Ducklett,"water, flying","Keen Eye, Big Pecks, Hydration",62,44,50,44,50,55
0581,Swanna,"water, flying","Keen Eye, Big Pecks, Hydration",75,87,63,87,63,98
0587,Emolga,"electric, flying","Static, Motor Drive",55,75,60,75,60,103
0627,Rufflet,"normal, flying","Keen Eye, Sheer Force, Hustle",70,83,50,37,50,60
0628,Braviary,"normal, flying","Keen Eye, Sheer Force, Defiant",100,123,75,57,75,80
0629,Vullaby,"dark, flying","Big Pecks, Overcoat, Weak Armor",70,55,75,45,65,60
0630,Mandibuzz,"dark, flying","Big Pecks, Overcoat, Weak Armor",110,65,105,55,95,80
0641,Tornadus,flying,"Prankster, Defiant",79,115,70,125,80,111
0641,Tornadus,flying,"Regenerator, Regenerator",79,100,80,110,90,121
0642,Thundurus,"electric, flying","Prankster, Defiant",79,115,70,125,80,111
0642,Thundurus,"electric, flying","Volt Absorb, Volt Absorb",79,105,70,145,80,101
0645,Landorus,"ground, flying","Sand Force, Sheer Force",89,125,90,115,80,101
0645,Landorus,"ground, flying","Intimidate, Intimidate",89,145,90,105,80,91
0092,Gastly,"ghost, poison",Levitate,30,35,30,100,35,80
0093,Haunter,"ghost, poison",Levitate,45,50,45,115,55,95
0094,Gengar,"ghost, poison",Levitate,60,65,60,130,75,110
0200,Misdreavus,ghost,Levitate,60,60,60,85,85,85
0292,Shedinja,"bug, ghost","Wonder Guard, Wonder Guard",1,90,45,30,30,40
0302,Sableye,"dark, ghost","Keen Eye, Stall, Prankster",50,75,75,65,65,50
0353,Shuppet,ghost,"Insomnia, Frisk, Cursed Body",44,75,35,63,33,45
0354,Banette,ghost,"Insomnia, Frisk, Cursed Body",64,115,65,83,63,65
0355,Duskull,ghost,Levitate,20,40,90,30,90,25
0356,Dusclops,ghost,Pressure,40,70,130,60,130,25
0425,Drifloon,"ghost, flying","Aftermath, Unburden, Flare Boost",90,50,34,60,44,70
0426,Drifblim,"ghost, flying","Aftermath, Unburden, Flare Boost",150,80,44,90,54,80
0429,Mismagius,ghost,Levitate,60,60,60,105,105,105
0442,Spiritomb,"ghost, dark","Pressure, Infiltrator",50,92,108,92,108,35
0477,Dusknoir,ghost,Pressure,45,100,135,65,135,45
0478,Froslass,"ice, ghost","Snow Cloak, Cursed Body",70,80,70,80,70,110
0479,Rotom,"electric, ghost",Levitate,50,50,77,95,77,91
0487,Giratina,"ghost, dragon","Pressure, Telepathy",150,100,120,100,120,90
0487,Giratina,"ghost, dragon","Levitate, Levitate",150,120,100,120,100,90
0493,Arceus,ghost,Multitype,120,120,120,120,120,120
0562,Yamask,ghost,Mummy,38,30,85,55,65,30
0563,Cofagrigus,ghost,Mummy,58,50,145,95,105,30
0592,Frillish,"water, ghost","Water Absorb, Cursed Body",55,40,50,65,85,40
0593,Jellicent,"water, ghost","Water Absorb, Cursed Body",100,60,70,85,105,60
0607,Litwick,"ghost, fire","Flash Fire, Flame Body, Shadow Tag",50,30,55,65,55,20
0608,Lampent,"ghost, fire","Flash Fire, Flame Body, Shadow Tag",60,40,60,95,60,55
0609,Chandelure,"ghost, fire","Flash Fire, Flame Body, Shadow Tag",60,55,90,145,90,80
0622,Golett,"ground, ghost","Iron Fist, Klutz, No Guard",59,74,50,35,50,35
0623,Golurk,"ground, ghost","Iron Fist, Klutz, No Guard",89,124,80,55,80,55
0001,Bulbasaur,"grass, poison","Overgrow, Chlorophyll",45,49,49,65,65,45
0002,Ivysaur,"grass, poison","Overgrow, Chlorophyll",60,62,63,80,80,60
0003,Venusaur,"grass, poison","Overgrow, Chlorophyll",80,82,83,100,100,80
0043,Oddish,"grass, poison","Chlorophyll, Run Away",45,50,55,75,65,30
0044,Gloom,"grass, poison","Chlorophyll, Stench",60,65,70,85,75,40
0045,Vileplume,"grass, poison","Chlorophyll, Effect Spore",75,80,85,100,90,50
0046,Paras,"bug, grass","Effect Spore, Dry Skin, Damp",35,70,55,45,55,25
0047,Parasect,"bug, grass","Effect Spore, Dry Skin, Damp",60,95,80,60,80,30
0069,Bellsprout,"grass, poison","Chlorophyll, Gluttony",50,75,35,70,30,40
0070,Weepinbell,"grass, poison","Chlorophyll, Gluttony",65,90,50,85,45,55
0071,Victreebel,"grass, poison","Chlorophyll, Gluttony",80,105,65,100,60,70
0102,Exeggcute,"grass, psychic","Chlorophyll, Harvest",60,40,80,60,45,40
0103,Exeggutor,"grass, psychic","Chlorophyll, Harvest",95,95,85,125,65,55
0114,Tangela,grass,"Chlorophyll, Leaf Guard, Regenerator",65,55,115,100,40,60
0152,Chikorita,grass,"Overgrow, Leaf Guard",45,49,65,49,65,45
0153,Bayleef,grass,"Overgrow, Leaf Guard",60,62,80,63,80,60
0154,Meganium,grass,"Overgrow, Leaf Guard",80,82,100,83,100,80
0182,Bellossom,grass,"Chlorophyll, Healer",75,80,85,90,100,50
0187,Hoppip,"grass, flying","Chlorophyll, Leaf Guard, Infiltrator",35,35,40,35,55,50
0188,Skiploom,"grass, flying","Chlorophyll, Leaf Guard, Infiltrator",55,45,50,45,65,80
0189,Jumpluff,"grass, flying","Chlorophyll, Leaf Guard, Infiltrator",75,55,70,55,85,110
0191,Sunkern,grass,"Chlorophyll, Solar Power, Early Bird",30,30,30,30,30,30
0192,Sunflora,grass,"Chlorophyll, Solar Power, Early Bird",75,75,55,105,85,30
0251,Celebi,"psychic, grass",Natural Cure,100,100,100,100,100,100
0252,Treecko,grass,"Overgrow, Unburden",40,45,35,65,55,70
0253,Grovyle,grass,"Overgrow, Unburden",50,65,45,85,65,95
0254,Sceptile,grass,"Overgrow, Unburden",70,85,65,105,85,120
0270,Lotad,"water, grass","Swift Swim, Rain Dish, Own Tempo",40,30,30,40,50,30
0271,Lombre,"water, grass","Swift Swim, Rain Dish, Own Tempo",60,50,50,60,70,50
0272,Ludicolo,"water, grass","Swift Swim, Rain Dish, Own Tempo",80,70,70,90,100,70
0273,Seedot,grass,"Chlorophyll, Early Bird, Pickpocket",40,40,50,30,30,30
0274,Nuzleaf,"grass, dark","Chlorophyll, Early Bird, Pickpocket",70,70,40,60,40,60
0275,Shiftry,"grass, dark","Chlorophyll, Early Bird, Pickpocket",90,100,60,90,60,80
0285,Shroomish,grass,"Effect Spore, Poison Heal, Quick Feet",60,40,60,40,60,35
0286,Breloom,"grass, fighting","Effect Spore, Poison Heal, Technician",60,130,80,60,60,70
0315,Roselia,"grass, poison","Natural Cure, Poison Point, Leaf Guard",50,60,45,100,80,65
0331,Cacnea,grass,Sand Veil,50,85,40,85,40,35
0332,Cacturne,"grass, dark",Sand Veil,70,115,60,115,60,55
0345,Lileep,"rock, grass","Suction Cups, Storm Drain",66,41,77,61,87,23
0346,Cradily,"rock, grass","Suction Cups, Storm Drain",86,81,97,81,107,43
0357,Tropius,"grass, flying","Chlorophyll, Solar Power, Harvest",99,68,83,72,87,51
0387,Turtwig,grass,"Overgrow, Shell Armor",55,68,64,45,55,31
0388,Grotle,grass,"Overgrow, Shell Armor",75,89,85,55,65,36
0389,Torterra,"grass, ground","Overgrow, Shell Armor",95,109,105,75,85,56
0406,Budew,"grass, poison","Natural Cure, Poison Point, Leaf Guard",40,30,35,50,70,55
0407,Roserade,"grass, poison","Natural Cure, Poison Point, Technician",60,70,55,125,105,90
0413,Wormadam,"bug, grass","Anticipation, Overcoat",60,59,85,79,105,36
0420,Cherubi,grass,Chlorophyll,45,35,45,62,53,35
0421,Cherrim,grass,Flower Gift,70,60,70,87,78,85
0455,Carnivine,grass,Levitate,74,100,72,90,72,46
0459,Snover,"grass, ice","Snow Warning, Soundproof",60,62,50,62,60,40
0460,Abomasnow,"grass, ice","Snow Warning, Soundproof",90,92,75,92,85,60
0465,Tangrowth,grass,"Chlorophyll, Leaf Guard, Regenerator",100,100,125,110,50,50
0470,Leafeon,grass,"Leaf Guard, Chlorophyll",65,110,130,60,65,95
0479,Rotom,"electric, grass",Levitate,50,65,107,105,107,86
0492,Shaymin,grass,Natural Cure,100,100,100,100,100,100
0492,Shaymin,"grass, flying",Serene Grace,100,103,75,120,75,127
0493,Arceus,grass,Multitype,120,120,120,120,120,120
0495,Snivy,grass,"Overgrow, Contrary",45,45,55,45,55,63
0496,Servine,grass,"Overgrow, Contrary",60,60,75,60,75,83
0497,Serperior,grass,"Overgrow, Contrary",75,75,95,75,95,113
0511,Pansage,grass,"Gluttony, Overgrow",50,53,48,53,48,64
0512,Simisage,grass,"Gluttony, Overgrow",75,98,63,98,63,101
0540,Sewaddle,"bug, grass","Swarm, Chlorophyll, Overcoat",45,53,70,40,60,42
0541,Swadloon,"bug, grass","Leaf Guard, Chlorophyll, Overcoat",55,63,90,50,80,42
0542,Leavanny,"bug, grass","Swarm, Chlorophyll, Overcoat",75,103,80,70,70,92
0546,Cottonee,grass,"Prankster, Infiltrator, Chlorophyll",40,27,60,37,50,66
0547,Whimsicott,grass,"Prankster, Infiltrator, Chlorophyll",60,67,85,77,75,116
0548,Petilil,grass,"Chlorophyll, Own Tempo, Leaf Guard",45,35,50,70,50,30
0549,Lilligant,grass,"Chlorophyll, Own Tempo, Leaf Guard",70,60,75,110,75,90
0556,Maractus,grass,"Water Absorb, Chlorophyll, Storm Drain",75,86,67,106,67,60
0585,Deerling,"normal, grass","Chlorophyll, Sap Sipper, Serene Grace",60,60,50,40,50,75
0586,Sawsbuck,"normal, grass","Chlorophyll, Sap Sipper, Serene Grace",80,100,70,60,70,95
0590,Foongus,"grass, poison","Effect Spore, Regenerator",69,55,45,55,55,15
0591,Amoonguss,"grass, poison","Effect Spore, Regenerator",114,85,70,85,80,30
0597,Ferroseed,"grass, steel",Iron Barbs,44,50,91,24,86,10
0598,Ferrothorn,"grass, steel",Iron Barbs,74,94,131,54,116,20
0640,Virizion,"grass, fighting",Justified,91,90,72,90,129,108
0027,Sandshrew,ground,"Sand Veil, Sand Rush",50,75,85,20,30,40
0028,Sandslash,ground,"Sand Veil, Sand Rush",75,100,110,45,55,65
0031,Nidoqueen,"poison, ground","Poison Point, Rivalry, Sheer Force",90,82,87,75,85,76
0034,Nidoking,"poison, ground","Poison Point, Rivalry, Sheer Force",81,92,77,85,75,85
0050,Diglett,ground,"Sand Veil, Arena Trap, Sand Force",10,55,25,35,45,95
0051,Dugtrio,ground,"Sand Veil, Arena Trap, Sand Force",35,80,50,50,70,120
0074,Geodude,"rock, ground","Rock Head, Sturdy, Sand Veil",40,80,100,30,30,20
0075,Graveler,"rock, ground","Rock Head, Sturdy, Sand Veil",55,95,115,45,45,35
0076,Golem,"rock, ground","Rock Head, Sturdy, Sand Veil",80,110,130,55,65,45
0095,Onix,"rock, ground","Rock Head, Sturdy, Weak Armor",35,45,160,30,45,70
0104,Cubone,ground,"Rock Head, Lightningrod, Battle Armor",50,50,95,40,50,35
0105,Marowak,ground,"Rock Head, Lightningrod, Battle Armor",60,80,110,50,80,45
0111,Rhyhorn,"ground, rock","Lightningrod, Rock Head, Reckless",80,85,95,30,30,25
0112,Rhydon,"ground, rock","Lightningrod, Rock Head, Reckless",105,130,120,45,45,40
0194,Wooper,"water, ground","Damp, Water Absorb, Unaware",55,45,45,25,25,15
0195,Quagsire,"water, ground","Damp, Water Absorb, Unaware",95,85,85,65,65,35
0207,Gligar,"ground, flying","Hyper Cutter, Sand Veil, Immunity",65,75,105,35,65,85
0208,Steelix,"steel, ground","Rock Head, Sturdy, Sheer Force",75,85,200,55,65,30
0220,Swinub,"ice, ground","Oblivious, Snow Cloak, Thick Fat",50,50,40,30,30,50
0221,Piloswine,"ice, ground","Oblivious, Snow Cloak, Thick Fat",100,100,80,60,60,50
0231,Phanpy,ground,"Pickup, Sand Veil",90,60,60,40,40,40
0232,Donphan,ground,Sturdy,90,120,120,60,60,50
0246,Larvitar,"rock, ground","Guts, Sand Veil",50,64,50,45,50,41
0247,Pupitar,"rock, ground","Shed Skin, Shed Skin",70,84,70,65,70,51
0259,Marshtomp,"water, ground","Torrent, Damp",70,85,70,60,70,50
0260,Swampert,"water, ground","Torrent, Damp",100,110,90,85,90,60
0290,Nincada,"bug, ground","Compoundeyes, Run Away",31,45,90,30,30,40
0322,Numel,"fire, ground","Oblivious, Simple, Own Tempo",60,60,40,65,45,35
0323,Camerupt,"fire, ground","Magma Armor, Solid Rock, Anger Point",70,100,70,105,75,40
0328,Trapinch,ground,"Hyper Cutter, Arena Trap, Sheer Force",45,100,45,45,45,10
0329,Vibrava,"ground, dragon","Levitate, Levitate",50,70,50,50,50,70
0330,Flygon,"ground, dragon","Levitate, Levitate",80,100,80,80,80,100
0339,Barboach,"water, ground","Oblivious, Anticipation",50,48,43,46,41,60
0340,Whiscash,"water, ground","Oblivious, Anticipation",110,78,73,76,71,60
0343,Baltoy,"ground, psychic",Levitate,40,40,55,40,70,55
0344,Claydol,"ground, psychic",Levitate,60,70,105,70,120,75
0383,Groudon,ground,Drought,100,150,140,100,90,90
0389,Torterra,"grass, ground","Overgrow, Shell Armor",95,109,105,75,85,56
0413,Wormadam,"bug, ground","Anticipation, Overcoat",60,79,105,59,85,36
0423,Gastrodon,"water, ground","Sticky Hold, Storm Drain, Sand Force",111,83,68,92,82,39
0443,Gible,"dragon, ground","Sand Veil, Rough Skin",58,70,45,40,45,42
0444,Gabite,"dragon, ground","Sand Veil, Rough Skin",68,90,65,50,55,82
0445,Garchomp,"dragon, ground","Sand Veil, Rough Skin",108,130,95,80,85,102
0449,Hippopotas,ground,"Sand Stream, Sand Force",68,72,78,38,42,32
0450,Hippowdon,ground,"Sand Stream, Sand Force",108,112,118,68,72,47
0464,Rhyperior,"ground, rock","Lightningrod, Solid Rock, Reckless",115,140,130,55,55,40
0472,Gliscor,"ground, flying","Hyper Cutter, Sand Veil, Poison Heal",75,95,125,45,75,95
0473,Mamoswine,"ice, ground","Oblivious, Snow Cloak, Thick Fat",110,130,80,70,60,80
0493,Arceus,ground,Multitype,120,120,120,120,120,120
0529,Drilbur,ground,"Sand Rush, Sand Force, Mold Breaker",60,85,40,30,45,68
0530,Excadrill,"ground, steel","Sand Rush, Sand Force, Mold Breaker",110,135,60,50,65,88
0536,Palpitoad,"water, ground","Swift Swim, Hydration, Water Absorb",75,65,55,65,55,69
0537,Seismitoad,"water, ground","Swift Swim, Poison Touch, Water Absorb",105,85,75,85,75,74
0551,Sandile,"ground, dark","Intimidate, Moxie, Anger Point",50,72,35,35,35,65
0552,Krokorok,"ground, dark","Intimidate, Moxie, Anger Point",60,82,45,45,45,74
0553,Krookodile,"ground, dark","Intimidate, Moxie, Anger Point",95,117,70,65,70,92
0618,Stunfisk,"ground, electric","Static, Limber, Sand Veil",109,66,84,81,99,32
0622,Golett,"ground, ghost","Iron Fist, Klutz, No Guard",59,74,50,35,50,35
0623,Golurk,"ground, ghost","Iron Fist, Klutz, No Guard",89,124,80,55,80,55
0645,Landorus,"ground, flying","Sand Force, Sheer Force",89,125,90,115,80,101
0645,Landorus,"ground, flying","Intimidate, Intimidate",89,145,90,105,80,91
0087,Dewgong,"water, ice","Thick Fat, Hydration, Ice Body",90,70,80,70,95,70
0091,Cloyster,"water, ice","Shell Armor, Skill Link, Overcoat",50,95,180,85,45,70
0124,Jynx,"ice, psychic","Oblivious, Forewarn, Dry Skin",65,50,35,115,95,95
0131,Lapras,"water, ice","Water Absorb, Shell Armor, Hydration",130,85,80,85,95,60
0144,Articuno,"ice, flying","Pressure, Snow Cloak",90,85,100,95,125,85
0215,Sneasel,"dark, ice","Inner Focus, Keen Eye, Pickpocket",55,95,55,35,75,115
0220,Swinub,"ice, ground","Oblivious, Snow Cloak, Thick Fat",50,50,40,30,30,50
0221,Piloswine,"ice, ground","Oblivious, Snow Cloak, Thick Fat",100,100,80,60,60,50
0225,Delibird,"ice, flying","Vital Spirit, Hustle, Insomnia",45,55,45,65,45,75
0238,Smoochum,"ice, psychic","Oblivious, Forewarn, Hydration",45,30,15,85,65,65
0361,Snorunt,ice,"Inner Focus, Ice Body, Moody",50,50,50,50,50,50
0362,Glalie,ice,"Inner Focus, Ice Body, Moody",80,80,80,80,80,80
0363,Spheal,"ice, water","Thick Fat, Ice Body, Oblivious",70,40,50,55,50,25
0364,Sealeo,"ice, water","Thick Fat, Ice Body, Oblivious",90,60,70,75,70,45
0365,Walrein,"ice, water","Thick Fat, Ice Body, Oblivious",110,80,90,95,90,65
0378,Regice,ice,"Clear Body, Ice Body",80,50,100,100,200,50
0459,Snover,"grass, ice","Snow Warning, Soundproof",60,62,50,62,60,40
0460,Abomasnow,"grass, ice","Snow Warning, Soundproof",90,92,75,92,85,60
0461,Weavile,"dark, ice","Pressure, Pickpocket",70,120,65,45,85,125
0471,Glaceon,ice,"Snow Cloak, Ice Body",65,60,110,130,95,65
0473,Mamoswine,"ice, ground","Oblivious, Snow Cloak, Thick Fat",110,130,80,70,60,80
0478,Froslass,"ice, ghost","Snow Cloak, Cursed Body",70,80,70,80,70,110
0479,Rotom,"electric, ice",Levitate,50,65,107,105,107,86
0493,Arceus,ice,Multitype,120,120,120,120,120,120
0582,Vanillite,ice,"Ice Body, Weak Armor",36,50,50,65,60,44
0583,Vanillish,ice,"Ice Body, Weak Armor",51,65,65,80,75,59
0584,Vanilluxe,ice,"Ice Body, Weak Armor",71,95,85,110,95,79
0613,Cubchoo,ice,"Snow Cloak, Rattled",55,70,40,60,40,40
0614,Beartic,ice,"Snow Cloak, Swift Swim",95,110,80,70,80,50
0615,Cryogonal,ice,Levitate,70,50,30,95,135,105
0646,Kyurem,"dragon, ice",Pressure,125,130,90,130,90,95
0646,Kyurem,"dragon, ice",Teravolt,125,170,100,120,90,95
0646,Kyurem,"dragon, ice",Turboblaze,125,120,90,170,100,95
0016,Pidgey,"normal, flying","Keen Eye, Tangled Feet, Big Pecks",40,45,40,35,35,56
0017,Pidgeotto,"normal, flying","Keen Eye, Tangled Feet, Big Pecks",63,60,55,50,50,71
0018,Pidgeot,"normal, flying","Keen Eye, Tangled Feet, Big Pecks",83,80,75,70,70,91
0019,Rattata,normal,"Run Away, Guts, Hustle",30,56,35,25,35,72
0020,Raticate,normal,"Run Away, Guts, Hustle",55,81,60,50,70,97
0021,Spearow,"normal, flying","Keen Eye, Sniper",40,60,30,31,31,70
0022,Fearow,"normal, flying","Keen Eye, Sniper",65,90,65,61,61,100
0035,Clefairy,normal,"Cute Charm, Magic Guard, Friend Guard",70,45,48,60,65,35
0036,Clefable,normal,"Cute Charm, Magic Guard, Unaware",95,70,73,85,90,60
0039,Jigglypuff,normal,"Cute Charm, Friend Guard",115,45,20,45,25,20
0040,Wigglytuff,normal,"Cute Charm, Frisk",140,70,45,75,50,45
0052,Meowth,normal,"Pickup, Technician, Unnerve",40,45,35,40,40,90
0053,Persian,normal,"Limber, Technician, Unnerve",65,70,60,65,65,115
0083,Farfetch'd,"normal, flying","Keen Eye, Inner Focus, Defiant",52,65,55,58,62,60
0084,Doduo,"normal, flying","Run Away, Early Bird, Tangled Feet",35,85,45,35,35,75
0085,Dodrio,"normal, flying","Run Away, Early Bird, Tangled Feet",60,110,70,60,60,100
0108,Lickitung,normal,"Own Tempo, Oblivious, Cloud Nine",90,55,75,60,75,30
0113,Chansey,normal,"Natural Cure, Serene Grace, Healer",250,5,5,35,105,50
0115,Kangaskhan,normal,"Early Bird, Scrappy, Inner Focus",105,95,80,40,80,90
0128,Tauros,normal,"Intimidate, Anger Point, Sheer Force",75,100,95,40,70,110
0132,Ditto,normal,"Limber, Imposter",48,48,48,48,48,48
0133,Eevee,normal,"Run Away, Adaptability, Anticipation",55,55,50,45,65,55
0137,Porygon,normal,"Trace, Download, Analytic",65,60,70,85,75,40
0143,Snorlax,normal,"Immunity, Thick Fat, Gluttony",160,110,65,65,110,30
0161,Sentret,normal,"Run Away, Keen Eye, Frisk",35,46,34,35,45,20
0162,Furret,normal,"Run Away, Keen Eye, Frisk",85,76,64,45,55,90
0163,Hoothoot,"normal, flying","Insomnia, Keen Eye, Tinted Lens",60,30,30,36,56,50
0164,Noctowl,"normal, flying","Insomnia, Keen Eye, Tinted Lens",100,50,50,76,96,70
0173,Cleffa,normal,"Cute Charm, Magic Guard, Friend Guard",50,25,28,45,55,15
0174,Igglybuff,normal,"Cute Charm, Friend Guard",90,30,15,40,20,15
0175,Togepi,normal,"Hustle, Serene Grace, Super Luck",35,20,65,40,65,20
0176,Togetic,"normal, flying","Hustle, Serene Grace, Super Luck",55,40,85,80,105,40
0190,Aipom,normal,"Run Away, Pickup, Skill Link",55,70,55,40,55,85
0203,Girafarig,"normal, psychic","Inner Focus, Early Bird, Sap Sipper",70,80,65,90,65,85
0206,Dunsparce,normal,"Serene Grace, Run Away, Rattled",100,70,70,65,65,45
0209,Snubbull,normal,"Intimidate, Run Away, Rattled",60,80,50,40,40,30
0210,Granbull,normal,"Intimidate, Quick Feet, Rattled",90,120,75,60,60,45
0216,Teddiursa,normal,"Pickup, Quick Feet, Honey Gather",60,80,50,50,50,40
0217,Ursaring,normal,"Guts, Quick Feet, Unnerve",90,130,75,75,75,55
0233,Porygon2,normal,"Trace, Download, Analytic",85,80,90,105,95,60
0234,Stantler,normal,"Intimidate, Frisk, Sap Sipper",73,95,62,85,65,85
0235,Smeargle,normal,"Own Tempo, Technician, Moody",55,20,35,20,45,75
0241,Miltank,normal,"Thick Fat, Scrappy, Sap Sipper",95,80,105,40,70,100
0242,Blissey,normal,"Natural Cure, Serene Grace, Healer",255,10,10,75,135,55
0263,Zigzagoon,normal,"Pickup, Gluttony, Quick Feet",38,30,41,30,41,60
0264,Linoone,normal,"Pickup, Gluttony, Quick Feet",78,70,61,50,61,100
0276,Taillow,"normal, flying","Guts, Scrappy",40,55,30,30,30,85
0277,Swellow,"normal, flying","Guts, Scrappy",60,85,60,50,50,125
0287,Slakoth,normal,Truant,60,60,60,35,35,30
0288,Vigoroth,normal,Vital Spirit,80,80,80,55,55,90
0289,Slaking,normal,Truant,150,160,100,95,65,100
0293,Whismur,normal,"Soundproof, Rattled",64,51,23,51,23,28
0294,Loudred,normal,"Soundproof, Scrappy",84,71,43,71,43,48
0295,Exploud,normal,"Soundproof, Scrappy",104,91,63,91,63,68
0298,Azurill,normal,"Thick Fat, Huge Power, Sap Sipper",50,20,40,20,40,20
0300,Skitty,normal,"Cute Charm, Normalize, Wonder Skin",50,45,45,35,35,50
0301,Delcatty,normal,"Cute Charm, Normalize, Wonder Skin",70,65,65,55,55,70
0327,Spinda,normal,"Own Tempo, Tangled Feet, Contrary",60,60,60,60,60,60
0333,Swablu,"normal, flying","Natural Cure, Cloud Nine",45,40,60,40,75,50
0335,Zangoose,normal,"Immunity, Toxic Boost",73,115,60,60,60,90
0351,Castform,normal,Forecast,70,70,70,70,70,70
0352,Kecleon,normal,Color Change,60,90,70,60,120,40
0396,Starly,"normal, flying","Keen Eye, Keen Eye",40,55,30,30,30,60
0397,Staravia,"normal, flying","Intimidate, Reckless",55,75,50,40,40,80
0398,Staraptor,"normal, flying","Intimidate, Reckless",85,120,70,50,50,100
0399,Bidoof,normal,"Simple, Unaware, Moody",59,45,40,35,40,31
0400,Bibarel,"normal, water","Simple, Unaware, Moody",79,85,60,55,60,71
0424,Ambipom,normal,"Technician, Pickup, Skill Link",75,100,66,60,66,115
0427,Buneary,normal,"Run Away, Klutz, Limber",55,66,44,44,56,85
0428,Lopunny,normal,"Cute Charm, Klutz, Limber",65,76,84,54,96,105
0431,Glameow,normal,"Limber, Own Tempo, Keen Eye",49,55,42,42,37,85
0432,Purugly,normal,"Thick Fat, Own Tempo, Defiant",71,82,64,64,59,112
0440,Happiny,normal,"Natural Cure, Serene Grace, Friend Guard",100,5,5,15,65,30
0441,Chatot,"normal, flying","Keen Eye, Tangled Feet, Big Pecks",76,65,45,92,42,91
0446,Munchlax,normal,"Pickup, Thick Fat, Gluttony",135,85,40,40,85,5
0463,Lickilicky,normal,"Own Tempo, Oblivious, Cloud Nine",110,85,95,80,95,50
0468,Togekiss,"normal, flying","Hustle, Serene Grace, Super Luck",85,50,95,120,115,80
0474,Porygon-Z,normal,"Adaptability, Download, Analytic",85,80,70,135,75,90
0486,Regigigas,normal,Slow Start,110,160,110,80,110,100
0493,Arceus,normal,Multitype,120,120,120,120,120,120
0504,Patrat,normal,"Run Away, Keen Eye, Analytic",45,55,39,35,39,42
0505,Watchog,normal,"Illuminate, Keen Eye, Analytic",60,85,69,60,69,77
0506,Lillipup,normal,"Vital Spirit, Pickup, Run Away",45,60,45,25,45,55
0507,Herdier,normal,"Intimidate, Sand Rush, Scrappy",65,80,65,35,65,60
0508,Stoutland,normal,"Intimidate, Sand Rush, Scrappy",85,100,90,45,90,80
0519,Pidove,"normal, flying","Big Pecks, Super Luck, Rivalry",50,55,50,36,30,43
0520,Tranquill,"normal, flying","Big Pecks, Super Luck, Rivalry",62,77,62,50,42,65
0521,Unfezant,"normal, flying","Big Pecks, Super Luck, Rivalry",80,105,80,65,55,93
0531,Audino,normal,"Healer, Regenerator, Klutz",103,60,86,60,86,50
0572,Minccino,normal,"Cute Charm, Technician, Skill Link",55,50,40,40,40,75
0573,Cinccino,normal,"Cute Charm, Technician, Skill Link",75,95,60,65,60,115
0585,Deerling,"normal, grass","Chlorophyll, Sap Sipper, Serene Grace",60,60,50,40,50,75
0586,Sawsbuck,"normal, grass","Chlorophyll, Sap Sipper, Serene Grace",80,100,70,60,70,95
0626,Bouffalant,normal,"Reckless, Sap Sipper, Soundproof",95,110,95,40,95,55
0627,Rufflet,"normal, flying","Keen Eye, Sheer Force, Hustle",70,83,50,37,50,60
0628,Braviary,"normal, flying","Keen Eye, Sheer Force, Defiant",100,123,75,57,75,80
0648,Meloetta,"normal, psychic",Serene Grace,100,77,77,128,128,90
0648,Meloetta,"normal, fighting",Serene Grace,100,128,90,77,77,128
0001,Bulbasaur,"grass, poison","Overgrow, Chlorophyll",45,49,49,65,65,45
0002,Ivysaur,"grass, poison","Overgrow, Chlorophyll",60,62,63,80,80,60
0003,Venusaur,"grass, poison","Overgrow, Chlorophyll",80,82,83,100,100,80
0013,Weedle,"bug, poison","Shield Dust, Run Away",40,35,30,20,20,50
0014,Kakuna,"bug, poison","Shed Skin, Shed Skin",45,25,50,25,25,35
0015,Beedrill,"bug, poison","Swarm, Sniper",65,80,40,45,80,75
0023,Ekans,poison,"Intimidate, Shed Skin, Unnerve",35,60,44,40,54,55
0024,Arbok,poison,"Intimidate, Shed Skin, Unnerve",60,85,69,65,79,80
0029,Nidoran♀,poison,"Poison Point, Rivalry, Hustle",55,47,52,40,40,41
0030,Nidorina,poison,"Poison Point, Rivalry, Hustle",70,62,67,55,55,56
0031,Nidoqueen,"poison, ground","Poison Point, Rivalry, Sheer Force",90,82,87,75,85,76
0032,Nidoran♂,poison,"Poison Point, Rivalry, Hustle",46,57,40,40,40,50
0033,Nidorino,poison,"Poison Point, Rivalry, Hustle",61,72,57,55,55,65
0034,Nidoking,"poison, ground","Poison Point, Rivalry, Sheer Force",81,92,77,85,75,85
0041,Zubat,"poison, flying","Inner Focus, Infiltrator",40,45,35,30,40,55
0042,Golbat,"poison, flying","Inner Focus, Infiltrator",75,80,70,65,75,90
0043,Oddish,"grass, poison","Chlorophyll, Run Away",45,50,55,75,65,30
0044,Gloom,"grass, poison","Chlorophyll, Stench",60,65,70,85,75,40
0045,Vileplume,"grass, poison","Chlorophyll, Effect Spore",75,80,85,100,90,50
0048,Venonat,"bug, poison","Compoundeyes, Tinted Lens, Run Away",60,55,50,40,55,45
0049,Venomoth,"bug, poison","Shield Dust, Tinted Lens, Wonder Skin",70,65,60,90,75,90
0069,Bellsprout,"grass, poison","Chlorophyll, Gluttony",50,75,35,70,30,40
0070,Weepinbell,"grass, poison","Chlorophyll, Gluttony",65,90,50,85,45,55
0071,Victreebel,"grass, poison","Chlorophyll, Gluttony",80,105,65,100,60,70
0072,Tentacool,"water, poison","Clear Body, Liquid Ooze, Rain Dish",40,40,35,50,100,70
0073,Tentacruel,"water, poison","Clear Body, Liquid Ooze, Rain Dish",80,70,65,80,120,100
0088,Grimer,poison,"Stench, Sticky Hold, Poison Touch",80,80,50,40,50,25
0089,Muk,poison,"Stench, Sticky Hold, Poison Touch",105,105,75,65,100,50
0092,Gastly,"ghost, poison",Levitate,30,35,30,100,35,80
0093,Haunter,"ghost, poison",Levitate,45,50,45,115,55,95
0094,Gengar,"ghost, poison",Levitate,60,65,60,130,75,110
0109,Koffing,poison,Levitate,40,65,95,60,45,35
0110,Weezing,poison,Levitate,65,90,120,85,70,60
0167,Spinarak,"bug, poison","Swarm, Insomnia, Sniper",40,60,40,40,40,30
0168,Ariados,"bug, poison","Swarm, Insomnia, Sniper",70,90,70,60,60,40
0169,Crobat,"poison, flying","Inner Focus, Infiltrator",85,90,80,70,80,130
0211,Qwilfish,"water, poison","Poison Point, Swift Swim, Intimidate",65,95,75,55,55,85
0269,Dustox,"bug, poison","Shield Dust, Compoundeyes",60,50,70,50,90,65
0315,Roselia,"grass, poison","Natural Cure, Poison Point, Leaf Guard",50,60,45,100,80,65
0316,Gulpin,poison,"Liquid Ooze, Sticky Hold, Gluttony",70,43,53,43,53,40
0317,Swalot,poison,"Liquid Ooze, Sticky Hold, Gluttony",100,73,83,73,83,55
0336,Seviper,poison,"Shed Skin, Infiltrator",73,100,60,100,60,65
0406,Budew,"grass, poison","Natural Cure, Poison Point, Leaf Guard",40,30,35,50,70,55
0407,Roserade,"grass, poison","Natural Cure, Poison Point, Technician",60,70,55,125,105,90
0434,Stunky,"poison, dark","Stench, Aftermath, Keen Eye",63,63,47,41,41,74
0435,Skuntank,"poison, dark","Stench, Aftermath, Keen Eye",103,93,67,71,61,84
0451,Skorupi,"poison, bug","Battle Armor, Sniper, Keen Eye",40,50,90,30,55,65
0452,Drapion,"poison, dark","Battle Armor, Sniper, Keen Eye",70,90,110,60,75,95
0453,Croagunk,"poison, fighting","Anticipation, Dry Skin, Poison Touch",48,61,40,61,40,50
0454,Toxicroak,"poison, fighting","Anticipation, Dry Skin, Poison Touch",83,106,65,86,65,85
0493,Arceus,poison,Multitype,120,120,120,120,120,120
0543,Venipede,"bug, poison","Poison Point, Swarm, Quick Feet",30,45,59,30,39,57
0544,Whirlipede,"bug, poison","Poison Point, Swarm, Quick Feet",40,55,99,40,79,47
0545,Scolipede,"bug, poison","Poison Point, Swarm, Quick Feet",60,90,89,55,69,112
0568,Trubbish,poison,"Stench, Sticky Hold, Aftermath",50,50,62,40,62,65
0569,Garbodor,poison,"Stench, Weak Armor, Aftermath",80,95,82,60,82,75
0590,Foongus,"grass, poison","Effect Spore, Regenerator",69,55,45,55,55,15
0591,Amoonguss,"grass, poison","Effect Spore, Regenerator",114,85,70,85,80,30
0063,Abra,psychic,"Synchronize, Inner Focus, Magic Guard",25,20,15,105,55,90
0064,Kadabra,psychic,"Synchronize, Inner Focus, Magic Guard",40,35,30,120,70,105
0065,Alakazam,psychic,"Synchronize, Inner Focus, Magic Guard",55,50,45,135,85,120
0079,Slowpoke,"water, psychic","Oblivious, Own Tempo, Regenerator",90,65,65,40,40,15
0080,Slowbro,"water, psychic","Oblivious, Own Tempo, Regenerator",95,75,110,100,80,30
0096,Drowzee,psychic,"Insomnia, Forewarn, Inner Focus",60,48,45,43,90,42
0097,Hypno,psychic,"Insomnia, Forewarn, Inner Focus",85,73,70,73,115,67
0102,Exeggcute,"grass, psychic","Chlorophyll, Harvest",60,40,80,60,45,40
0103,Exeggutor,"grass, psychic","Chlorophyll, Harvest",95,95,85,125,65,55
0121,Starmie,"water, psychic","Illuminate, Natural Cure, Analytic",60,75,85,100,85,115
0122,Mr. Mime,psychic,"Soundproof, Filter, Technician",40,45,65,100,120,90
0124,Jynx,"ice, psychic","Oblivious, Forewarn, Dry Skin",65,50,35,115,95,95
0150,Mewtwo,psychic,"Pressure, Unnerve",106,110,90,154,90,130
0151,Mew,psychic,Synchronize,100,100,100,100,100,100
0177,Natu,"psychic, flying","Synchronize, Early Bird, Magic Bounce",40,50,45,70,45,70
0178,Xatu,"psychic, flying","Synchronize, Early Bird, Magic Bounce",65,75,70,95,70,95
0196,Espeon,psychic,"Synchronize, Magic Bounce",65,65,60,130,95,110
0199,Slowking,"water, psychic","Oblivious, Own Tempo, Regenerator",95,75,80,100,110,30
0201,Unown,psychic,Levitate,48,72,48,72,48,48
0202,Wobbuffet,psychic,"Shadow Tag, Telepathy",190,33,58,33,58,33
0203,Girafarig,"normal, psychic","Inner Focus, Early Bird, Sap Sipper",70,80,65,90,65,85
0238,Smoochum,"ice, psychic","Oblivious, Forewarn, Hydration",45,30,15,85,65,65
0249,Lugia,"psychic, flying","Pressure, Multiscale",106,90,130,90,154,110
0251,Celebi,"psychic, grass",Natural Cure,100,100,100,100,100,100
0280,Ralts,psychic,"Synchronize, Trace, Telepathy",28,25,25,45,35,40
0281,Kirlia,psychic,"Synchronize, Trace, Telepathy",38,35,35,65,55,50
0282,Gardevoir,psychic,"Synchronize, Trace, Telepathy",68,65,65,125,115,80
0307,Meditite,"fighting, psychic","Pure Power, Telepathy",30,40,55,40,55,60
0308,Medicham,"fighting, psychic","Pure Power, Telepathy",60,60,75,60,75,80
0325,Spoink,psychic,"Thick Fat, Own Tempo, Gluttony",60,25,35,70,80,60
0326,Grumpig,psychic,"Thick Fat, Own Tempo, Gluttony",80,45,65,90,110,80
0337,Lunatone,"rock, psychic",Levitate,70,55,65,95,85,70
0338,Solrock,"rock, psychic",Levitate,70,95,85,55,65,70
0343,Baltoy,"ground, psychic",Levitate,40,40,55,40,70,55
0344,Claydol,"ground, psychic",Levitate,60,70,105,70,120,75
0358,Chimecho,psychic,Levitate,65,50,70,95,80,65
0360,Wynaut,psychic,"Shadow Tag, Telepathy",95,23,48,23,48,23
0374,Beldum,"steel, psychic","Clear Body, Light Metal",40,55,80,35,60,30
0375,Metang,"steel, psychic","Clear Body, Light Metal",60,75,100,55,80,50
0376,Metagross,"steel, psychic","Clear Body, Light Metal",80,135,130,95,90,70
0380,Latias,"dragon, psychic",Levitate,80,80,90,110,130,110
0381,Latios,"dragon, psychic",Levitate,80,90,80,130,110,110
0385,Jirachi,"steel, psychic",Serene Grace,100,100,100,100,100,100
0386,Deoxys,psychic,Pressure,50,150,50,150,50,150
0433,Chingling,psychic,Levitate,45,30,50,65,50,45
0436,Bronzor,"steel, psychic","Levitate, Heatproof, Heavy Metal",57,24,86,24,86,23
0437,Bronzong,"steel, psychic","Levitate, Heatproof, Heavy Metal",67,89,116,79,116,33
0439,Mime Jr.,psychic,"Soundproof, Filter, Technician",20,25,45,70,90,60
0475,Gallade,"psychic, fighting","Steadfast, Justified",68,125,65,65,115,80
0480,Uxie,psychic,Levitate,75,75,130,75,130,95
0481,Mesprit,psychic,Levitate,80,105,105,105,105,80
0482,Azelf,psychic,Levitate,75,125,70,125,70,115
0488,Cresselia,psychic,Levitate,120,70,120,75,130,85
0493,Arceus,psychic,Multitype,120,120,120,120,120,120
0494,Victini,"psychic, fire",Victory Star,100,100,100,100,100,100
0517,Munna,psychic,"Forewarn, Synchronize, Telepathy",76,25,45,67,55,24
0518,Musharna,psychic,"Forewarn, Synchronize, Telepathy",116,55,85,107,95,29
0527,Woobat,"psychic, flying","Unaware, Klutz, Simple",55,45,43,55,43,72
0528,Swoobat,"psychic, flying","Unaware, Klutz, Simple",67,57,55,77,55,114
0555,Darmanitan,"fire, psychic",Zen Mode,105,30,105,140,105,55
0561,Sigilyph,"psychic, flying","Wonder Skin, Magic Guard, Tinted Lens",72,58,80,103,80,97
0574,Gothita,psychic,"Frisk, Shadow Tag",45,30,50,55,65,45
0575,Gothorita,psychic,"Frisk, Shadow Tag",60,45,70,75,85,55
0576,Gothitelle,psychic,"Frisk, Shadow Tag",70,55,95,95,110,65
0577,Solosis,psychic,"Overcoat, Magic Guard, Regenerator",45,30,40,105,50,20
0578,Duosion,psychic,"Overcoat, Magic Guard, Regenerator",65,40,50,125,60,30
0579,Reuniclus,psychic,"Overcoat, Magic Guard, Regenerator",110,65,75,125,85,30
0605,Elgyem,psychic,"Telepathy, Synchronize, Analytic",55,55,55,85,55,30
0606,Beheeyem,psychic,"Telepathy, Synchronize, Analytic",75,75,75,125,95,40
0648,Meloetta,"normal, psychic",Serene Grace,100,77,77,128,128,90
0074,Geodude,"rock, ground","Rock Head, Sturdy, Sand Veil",40,80,100,30,30,20
0075,Graveler,"rock, ground","Rock Head, Sturdy, Sand Veil",55,95,115,45,45,35
0076,Golem,"rock, ground","Rock Head, Sturdy, Sand Veil",80,110,130,55,65,45
0095,Onix,"rock, ground","Rock Head, Sturdy, Weak Armor",35,45,160,30,45,70
0111,Rhyhorn,"ground, rock","Lightningrod, Rock Head, Reckless",80,85,95,30,30,25
0112,Rhydon,"ground, rock","Lightningrod, Rock Head, Reckless",105,130,120,45,45,40
0138,Omanyte,"rock, water","Swift Swim, Shell Armor, Weak Armor",35,40,100,90,55,35
0139,Omastar,"rock, water","Swift Swim, Shell Armor, Weak Armor",70,60,125,115,70,55
0140,Kabuto,"rock, water","Swift Swim, Battle Armor, Weak Armor",30,80,90,55,45,55
0141,Kabutops,"rock, water","Swift Swim, Battle Armor, Weak Armor",60,115,105,65,70,80
0142,Aerodactyl,"rock, flying","Rock Head, Pressure, Unnerve",80,105,65,60,75,130
0185,Sudowoodo,rock,"Sturdy, Rock Head, Rattled",70,100,115,30,65,30
0213,Shuckle,"bug, rock","Sturdy, Gluttony, Contrary",20,10,230,10,230,5
0219,Magcargo,"fire, rock","Magma Armor, Flame Body, Weak Armor",50,50,120,80,80,30
0222,Corsola,"water, rock","Hustle, Natural Cure, Regenerator",55,55,85,65,85,35
0246,Larvitar,"rock, ground","Guts, Sand Veil",50,64,50,45,50,41
0247,Pupitar,"rock, ground","Shed Skin, Shed Skin",70,84,70,65,70,51
0248,Tyranitar,"rock, dark","Sand Stream, Unnerve",100,134,110,95,100,61
0299,Nosepass,rock,"Sturdy, Magnet Pull, Sand Force",30,45,135,45,90,30
0304,Aron,"steel, rock","Sturdy, Rock Head, Heavy Metal",50,70,100,40,40,30
0305,Lairon,"steel, rock","Sturdy, Rock Head, Heavy Metal",60,90,140,50,50,40
0306,Aggron,"steel, rock","Sturdy, Rock Head, Heavy Metal",70,110,180,60,60,50
0337,Lunatone,"rock, psychic",Levitate,70,55,65,95,85,70
0338,Solrock,"rock, psychic",Levitate,70,95,85,55,65,70
0345,Lileep,"rock, grass","Suction Cups, Storm Drain",66,41,77,61,87,23
0346,Cradily,"rock, grass","Suction Cups, Storm Drain",86,81,97,81,107,43
0347,Anorith,"rock, bug","Battle Armor, Swift Swim",45,95,50,40,50,75
0348,Armaldo,"rock, bug","Battle Armor, Swift Swim",75,125,100,70,80,45
0369,Relicanth,"water, rock","Swift Swim, Rock Head, Sturdy",100,90,130,45,65,55
0377,Regirock,rock,"Clear Body, Sturdy",80,100,200,50,100,50
0408,Cranidos,rock,"Mold Breaker, Sheer Force",67,125,40,30,30,58
0409,Rampardos,rock,"Mold Breaker, Sheer Force",97,165,60,65,50,58
0410,Shieldon,"rock, steel","Sturdy, Soundproof",30,42,118,42,88,30
0411,Bastiodon,"rock, steel","Sturdy, Soundproof",60,52,168,47,138,30
0438,Bonsly,rock,"Sturdy, Rock Head, Rattled",50,80,95,10,45,10
0464,Rhyperior,"ground, rock","Lightningrod, Solid Rock, Reckless",115,140,130,55,55,40
0476,Probopass,"rock, steel","Sturdy, Magnet Pull, Sand Force",60,55,145,75,150,40
0493,Arceus,rock,Multitype,120,120,120,120,120,120
0524,Roggenrola,rock,"Sturdy, Sand Force",55,75,85,25,25,15
0525,Boldore,rock,"Sturdy, Sand Force",70,105,105,50,40,20
0526,Gigalith,rock,"Sturdy, Sand Force",85,135,130,60,70,25
0557,Dwebble,"bug, rock","Sturdy, Shell Armor, Weak Armor",50,65,85,35,35,55
0558,Crustle,"bug, rock","Sturdy, Shell Armor, Weak Armor",70,95,125,65,75,45
0564,Tirtouga,"water, rock","Solid Rock, Sturdy, Swift Swim",54,78,103,53,45,22
0565,Carracosta,"water, rock","Solid Rock, Sturdy, Swift Swim",74,108,133,83,65,32
0566,Archen,"rock, flying",Defeatist,55,112,45,74,45,70
0567,Archeops,"rock, flying",Defeatist,75,140,65,112,65,110
0639,Terrakion,"rock, fighting",Justified,91,129,90,72,90,108
0081,Magnemite,"electric, steel","Magnet Pull, Sturdy, Analytic",25,35,70,95,55,45
0082,Magneton,"electric, steel","Magnet Pull, Sturdy, Analytic",50,60,95,120,70,70
0205,Forretress,"bug, steel","Sturdy, Overcoat",75,90,140,60,60,40
0208,Steelix,"steel, ground","Rock Head, Sturdy, Sheer Force",75,85,200,55,65,30
0212,Scizor,"bug, steel","Swarm, Technician, Light Metal",70,130,100,55,80,65
0227,Skarmory,"steel, flying","Keen Eye, Sturdy, Weak Armor",65,80,140,40,70,70
0303,Mawile,steel,"Hyper Cutter, Intimidate, Sheer Force",50,85,85,55,55,50
0304,Aron,"steel, rock","Sturdy, Rock Head, Heavy Metal",50,70,100,40,40,30
0305,Lairon,"steel, rock","Sturdy, Rock Head, Heavy Metal",60,90,140,50,50,40
0306,Aggron,"steel, rock","Sturdy, Rock Head, Heavy Metal",70,110,180,60,60,50
0374,Beldum,"steel, psychic","Clear Body, Light Metal",40,55,80,35,60,30
0375,Metang,"steel, psychic","Clear Body, Light Metal",60,75,100,55,80,50
0376,Metagross,"steel, psychic","Clear Body, Light Metal",80,135,130,95,90,70
0379,Registeel,steel,"Clear Body, Light Metal",80,75,150,75,150,50
0385,Jirachi,"steel, psychic",Serene Grace,100,100,100,100,100,100
0395,Empoleon,"water, steel","Torrent, Defiant",84,86,88,111,101,60
0410,Shieldon,"rock, steel","Sturdy, Soundproof",30,42,118,42,88,30
0411,Bastiodon,"rock, steel","Sturdy, Soundproof",60,52,168,47,138,30
0413,Wormadam,"bug, steel","Anticipation, Overcoat",60,69,95,69,95,36
0436,Bronzor,"steel, psychic","Levitate, Heatproof, Heavy Metal",57,24,86,24,86,23
0437,Bronzong,"steel, psychic","Levitate, Heatproof, Heavy Metal",67,89,116,79,116,33
0448,Lucario,"fighting, steel","Steadfast, Inner Focus, Justified",70,110,70,115,70,90
0462,Magnezone,"electric, steel","Magnet Pull, Sturdy, Analytic",70,70,115,130,90,60
0476,Probopass,"rock, steel","Sturdy, Magnet Pull, Sand Force",60,55,145,75,150,40
0483,Dialga,"steel, dragon","Pressure, Telepathy",100,120,120,150,100,90
0485,Heatran,"fire, steel","Flash Fire, Flame Body",91,90,106,130,106,77
0493,Arceus,steel,Multitype,120,120,120,120,120,120
0530,Excadrill,"ground, steel","Sand Rush, Sand Force, Mold Breaker",110,135,60,50,65,88
0589,Escavalier,"bug, steel","Swarm, Shell Armor, Overcoat",70,135,105,60,105,20
0597,Ferroseed,"grass, steel",Iron Barbs,44,50,91,24,86,10
0598,Ferrothorn,"grass, steel",Iron Barbs,74,94,131,54,116,20
0599,Klink,steel,"Plus, Minus, Clear Body",40,55,70,45,60,30
0600,Klang,steel,"Plus, Minus, Clear Body",60,80,95,70,85,50
0601,Klinklang,steel,"Plus, Minus, Clear Body",60,100,115,70,85,90
0624,Pawniard,"dark, steel","Defiant, Inner Focus, Pressure",45,85,70,40,40,60
0625,Bisharp,"dark, steel","Defiant, Inner Focus, Pressure",65,125,100,60,70,70
0632,Durant,"bug, steel","Swarm, Hustle, Truant",58,109,112,48,48,109
0638,Cobalion,"steel, fighting",Justified,91,90,129,90,72,108
0649,Genesect,"bug, steel",Download,71,120,95,120,95,99
0007,Squirtle,water,"Torrent, Rain Dish",44,48,65,50,64,43
0008,Wartortle,water,"Torrent, Rain Dish",59,63,80,65,80,58
0009,Blastoise,water,"Torrent, Rain Dish",79,83,100,85,105,78
0054,Psyduck,water,"Damp, Cloud Nine, Swift Swim",50,52,48,65,50,55
0055,Golduck,water,"Damp, Cloud Nine, Swift Swim",80,82,78,95,80,85
0060,Poliwag,water,"Water Absorb, Damp, Swift Swim",40,50,40,40,40,90
0061,Poliwhirl,water,"Water Absorb, Damp, Swift Swim",65,65,65,50,50,90
0062,Poliwrath,"water, fighting","Water Absorb, Damp, Swift Swim",90,85,95,70,90,70
0072,Tentacool,"water, poison","Clear Body, Liquid Ooze, Rain Dish",40,40,35,50,100,70
0073,Tentacruel,"water, poison","Clear Body, Liquid Ooze, Rain Dish",80,70,65,80,120,100
0079,Slowpoke,"water, psychic","Oblivious, Own Tempo, Regenerator",90,65,65,40,40,15
0080,Slowbro,"water, psychic","Oblivious, Own Tempo, Regenerator",95,75,110,100,80,30
0086,Seel,water,"Thick Fat, Hydration, Ice Body",65,45,55,45,70,45
0087,Dewgong,"water, ice","Thick Fat, Hydration, Ice Body",90,70,80,70,95,70
0090,Shellder,water,"Shell Armor, Skill Link, Overcoat",30,65,100,45,25,40
0091,Cloyster,"water, ice","Shell Armor, Skill Link, Overcoat",50,95,180,85,45,70
0098,Krabby,water,"Hyper Cutter, Shell Armor, Sheer Force",30,105,90,25,25,50
0099,Kingler,water,"Hyper Cutter, Shell Armor, Sheer Force",55,130,115,50,50,75
0116,Horsea,water,"Swift Swim, Sniper, Damp",30,40,70,70,25,60
0117,Seadra,water,"Poison Point, Sniper, Damp",55,65,95,95,45,85
0118,Goldeen,water,"Swift Swim, Water Veil, Lightningrod",45,67,60,35,50,63
0119,Seaking,water,"Swift Swim, Water Veil, Lightningrod",80,92,65,65,80,68
0120,Staryu,water,"Illuminate, Natural Cure, Analytic",30,45,55,70,55,85
0121,Starmie,"water, psychic","Illuminate, Natural Cure, Analytic",60,75,85,100,85,115
0129,Magikarp,water,"Swift Swim, Rattled",20,10,55,15,20,80
0130,Gyarados,"water, flying","Intimidate, Moxie",95,125,79,60,100,81
0131,Lapras,"water, ice","Water Absorb, Shell Armor, Hydration",130,85,80,85,95,60
0134,Vaporeon,water,"Water Absorb, Hydration",130,65,60,110,95,65
0138,Omanyte,"rock, water","Swift Swim, Shell Armor, Weak Armor",35,40,100,90,55,35
0139,Omastar,"rock, water","Swift Swim, Shell Armor, Weak Armor",70,60,125,115,70,55
0140,Kabuto,"rock, water","Swift Swim, Battle Armor, Weak Armor",30,80,90,55,45,55
0141,Kabutops,"rock, water","Swift Swim, Battle Armor, Weak Armor",60,115,105,65,70,80
0158,Totodile,water,"Torrent, Sheer Force",50,65,64,44,48,43
0159,Croconaw,water,"Torrent, Sheer Force",65,80,80,59,63,58
0160,Feraligatr,water,"Torrent, Sheer Force",85,105,100,79,83,78
0170,Chinchou,"water, electric","Volt Absorb, Illuminate, Water Absorb",75,38,38,56,56,67
0171,Lanturn,"water, electric","Volt Absorb, Illuminate, Water Absorb",125,58,58,76,76,67
0183,Marill,water,"Thick Fat, Huge Power, Sap Sipper",70,20,50,20,50,40
0184,Azumarill,water,"Thick Fat, Huge Power, Sap Sipper",100,50,80,50,80,50
0186,Politoed,water,"Water Absorb, Damp, Drizzle",90,75,75,90,100,70
0194,Wooper,"water, ground","Damp, Water Absorb, Unaware",55,45,45,25,25,15
0195,Quagsire,"water, ground","Damp, Water Absorb, Unaware",95,85,85,65,65,35
0199,Slowking,"water, psychic","Oblivious, Own Tempo, Regenerator",95,75,80,100,110,30
0211,Qwilfish,"water, poison","Poison Point, Swift Swim, Intimidate",65,95,75,55,55,85
0222,Corsola,"water, rock","Hustle, Natural Cure, Regenerator",55,55,85,65,85,35
0223,Remoraid,water,"Hustle, Sniper, Moody",35,65,35,65,35,65
0224,Octillery,water,"Suction Cups, Sniper, Moody",75,105,75,105,75,45
0226,Mantine,"water, flying","Swift Swim, Water Absorb, Water Veil",65,40,70,80,140,70
0230,Kingdra,"water, dragon","Swift Swim, Sniper, Damp",75,95,95,95,95,85
0245,Suicune,water,"Pressure, Water Absorb",100,75,115,90,115,85
0258,Mudkip,water,"Torrent, Damp",50,70,50,50,50,40
0259,Marshtomp,"water, ground","Torrent, Damp",70,85,70,60,70,50
0260,Swampert,"water, ground","Torrent, Damp",100,110,90,85,90,60
0270,Lotad,"water, grass","Swift Swim, Rain Dish, Own Tempo",40,30,30,40,50,30
0271,Lombre,"water, grass","Swift Swim, Rain Dish, Own Tempo",60,50,50,60,70,50
0272,Ludicolo,"water, grass","Swift Swim, Rain Dish, Own Tempo",80,70,70,90,100,70
0278,Wingull,"water, flying","Keen Eye, Rain Dish",40,30,30,55,30,85
0279,Pelipper,"water, flying","Keen Eye, Rain Dish",60,50,100,85,70,65
0283,Surskit,"bug, water","Swift Swim, Rain Dish",40,30,32,50,52,65
0318,Carvanha,"water, dark","Rough Skin, Speed Boost",45,90,20,65,20,65
0319,Sharpedo,"water, dark","Rough Skin, Speed Boost",70,120,40,95,40,95
0320,Wailmer,water,"Water Veil, Oblivious, Pressure",130,70,35,70,35,60
0321,Wailord,water,"Water Veil, Oblivious, Pressure",170,90,45,90,45,60
0339,Barboach,"water, ground","Oblivious, Anticipation",50,48,43,46,41,60
0340,Whiscash,"water, ground","Oblivious, Anticipation",110,78,73,76,71,60
0341,Corphish,water,"Hyper Cutter, Shell Armor, Adaptability",43,80,65,50,35,35
0342,Crawdaunt,"water, dark","Hyper Cutter, Shell Armor, Adaptability",63,120,85,90,55,55
0349,Feebas,water,"Swift Swim, Adaptability",20,15,20,10,55,80
0350,Milotic,water,"Marvel Scale, Cute Charm",95,60,79,100,125,81
0363,Spheal,"ice, water","Thick Fat, Ice Body, Oblivious",70,40,50,55,50,25
0364,Sealeo,"ice, water","Thick Fat, Ice Body, Oblivious",90,60,70,75,70,45
0365,Walrein,"ice, water","Thick Fat, Ice Body, Oblivious",110,80,90,95,90,65
0366,Clamperl,water,"Shell Armor, Rattled",35,64,85,74,55,32
0367,Huntail,water,"Swift Swim, Water Veil",55,104,105,94,75,52
0368,Gorebyss,water,"Swift Swim, Hydration",55,84,105,114,75,52
0369,Relicanth,"water, rock","Swift Swim, Rock Head, Sturdy",100,90,130,45,65,55
0370,Luvdisc,water,"Swift Swim, Hydration",43,30,55,40,65,97
0382,Kyogre,water,Drizzle,100,100,90,150,140,90
0393,Piplup,water,"Torrent, Defiant",53,51,53,61,56,40
0394,Prinplup,water,"Torrent, Defiant",64,66,68,81,76,50
0395,Empoleon,"water, steel","Torrent, Defiant",84,86,88,111,101,60
0400,Bibarel,"normal, water","Simple, Unaware, Moody",79,85,60,55,60,71
0418,Buizel,water,"Swift Swim, Water Veil",55,65,35,60,30,85
0419,Floatzel,water,"Swift Swim, Water Veil",85,105,55,85,50,115
0422,Shellos,water,"Sticky Hold, Storm Drain, Sand Force",76,48,48,57,62,34
0423,Gastrodon,"water, ground","Sticky Hold, Storm Drain, Sand Force",111,83,68,92,82,39
0456,Finneon,water,"Swift Swim, Storm Drain, Water Veil",49,49,56,49,61,66
0457,Lumineon,water,"Swift Swim, Storm Drain, Water Veil",69,69,76,69,86,91
0458,Mantyke,"water, flying","Swift Swim, Water Absorb, Water Veil",45,20,50,60,120,50
0479,Rotom,"electric, water",Levitate,50,65,107,105,107,86
0484,Palkia,"water, dragon","Pressure, Telepathy",90,120,100,150,120,100
0489,Phione,water,Hydration,80,80,80,80,80,80
0490,Manaphy,water,Hydration,100,100,100,100,100,100
0493,Arceus,water,Multitype,120,120,120,120,120,120
0501,Oshawott,water,"Torrent, Shell Armor",55,55,45,63,45,45
0502,Dewott,water,"Torrent, Shell Armor",75,75,60,83,60,60
0503,Samurott,water,"Torrent, Shell Armor",95,100,85,108,70,70
0515,Panpour,water,"Gluttony, Torrent",50,53,48,53,48,64
0516,Simipour,water,"Gluttony, Torrent",75,98,63,98,63,101
0535,Tympole,water,"Swift Swim, Hydration, Water Absorb",50,50,40,50,40,64
0536,Palpitoad,"water, ground","Swift Swim, Hydration, Water Absorb",75,65,55,65,55,69
0537,Seismitoad,"water, ground","Swift Swim, Poison Touch, Water Absorb",105,85,75,85,75,74
0550,Basculin,water,"Reckless, Adaptability, Mold Breaker",70,92,65,80,55,98
0550,Basculin,water,"Rock Head, Adaptability, Mold Breaker",70,92,65,80,55,98
0564,Tirtouga,"water, rock","Solid Rock, Sturdy, Swift Swim",54,78,103,53,45,22
0565,Carracosta,"water, rock","Solid Rock, Sturdy, Swift Swim",74,108,133,83,65,32
0580,Ducklett,"water, flying","Keen Eye, Big Pecks, Hydration",62,44,50,44,50,55
0581,Swanna,"water, flying","Keen Eye, Big Pecks, Hydration",75,87,63,87,63,98
0592,Frillish,"water, ghost","Water Absorb, Cursed Body",55,40,50,65,85,40
0593,Jellicent,"water, ghost","Water Absorb, Cursed Body",100,60,70,85,105,60
0594,Alomomola,water,"Healer, Hydration, Regenerator",165,75,80,40,45,65
0647,Keldeo,"water, fighting",Justified,91,72,90,129,90,108
0647,Keldeo,"water, fighting",Justified,91,72,90,129,90,108
